{"sum": 5943119.0, "avg": 168.83860795454547, "sumMD": 32100.0, "avgMD": 160.5, "sumSD": 28907.0, "avgSD": 164.2443181818182, "max": 319.0, "min": 19.0}